[
  {
    "id": "1770916284755",
    "serviceId": 3,
    "serviceName": "Newspaper Notices",
    "subject": "Notice for a property in legal bond",
    "details": "Need to post the paper notice to perform auction which is in legal complications.",
    "requesterName": "Akshaj Bairi",
    "createdDate": "2026-02-12T17:11:24.755Z",
    "modifiedDate": "2026-02-12T17:11:45.156Z",
    "createdBy": "Akshaj Bairi",
    "modifiedBy": "Akshaj Bairi",
    "RequestHistory": "[2026-02-12T17:11:45.156Z] Akshaj Bairi: When is the auction date, please mention",
    "serviceDescription": "Publish and manage legal notices in leading newspapers",
    "__newHistory": "When is the auction date, please mention"
  }
]