[
  {
    "id": "1770915861611",
    "serviceId": 1,
    "serviceName": "Raise Property Document Verification",
    "subject": "Requesting for property at kondapur",
    "details": "I am planning to buy a property at kondapur in OU Prof colony",
    "requesterName": "Anonymous",
    "createdDate": "2026-02-12T17:04:21.611Z",
    "modifiedDate": "2026-02-13T12:07:00.350Z",
    "createdBy": "Anonymous",
    "modifiedBy": "Anonymous",
    "RequestHistory": "[2026-02-12T17:06:04.068Z] Anonymous: Please share more details, will work on it\n[2026-02-12T17:08:41.164Z] Sujith Bairi: Where is the property exactly located. please share the gmap location\n[2026-02-13T12:07:00.350Z] Anonymous: Where is the property exactly located. please share the gmap location",
    "serviceDescription": "Get your property documents verified by legal experts instantly",
    "__newHistory": "Where is the property exactly located. please share the gmap location"
  },
  {
    "id": "1770915901815",
    "serviceId": 1,
    "serviceName": "Raise Property Document Verification",
    "subject": "Request for Agrictulture land deal",
    "details": "I am thinking to buy a agri land",
    "requesterName": "Anonymous",
    "createdDate": "2026-02-12T17:05:01.815Z",
    "modifiedDate": "2026-02-12T17:05:01.815Z",
    "createdBy": "Anonymous",
    "modifiedBy": "Anonymous",
    "RequestHistory": ""
  }
]