[
  {
    "id": "1770830993903",
    "firstName": "Sujith",
    "lastName": "Bairi",
    "middleName": "Mr",
    "email": "bairi.sujith@gmail.com",
    "password": "123456",
    "dob": "1981-12-09",
    "gender": "Male",
    "phoneNumber": "7702778554",
    "address": "Kondapur",
    "createdAt": "2026-02-11T17:29:53.903Z",
    "updatedAt": "2026-02-12T14:22:49.799Z"
  },
  {
    "id": "1770914120318",
    "firstName": "Akshaj",
    "lastName": "Bairi",
    "middleName": "",
    "email": "bairi.akshaj@gmail.com",
    "password": "654321",
    "dob": "2011-09-10",
    "gender": "Male",
    "phoneNumber": "8522819178",
    "address": "4-1332, Kondapur, Hyderabad",
    "createdAt": "2026-02-12T16:35:20.318Z"
  }
]